gbifID	datasetKey	occurrenceID	kingdom	phylum	class	order	family	genus	species	infraspecificEpithet	taxonRank	scientificName	verbatimScientificName	verbatimScientificNameAuthorship	countryCode	locality	stateProvince	occurrenceStatus	individualCount	publishingOrgKey	decimalLatitude	decimalLongitude	coordinateUncertaintyInMeters	coordinatePrecision	elevation	elevationAccuracy	depth	depthAccuracy	eventDate	day	month	year	taxonKey	speciesKey	basisOfRecord	institutionCode	collectionCode	catalogNumber	recordNumber	identifiedBy	dateIdentified	license	rightsHolder	recordedBy	typeStatus	establishmentMeans	lastInterpreted	mediaType	issue
4765728582	4fa7b334-ce0d-4e88-aaae-2e0c138d049e	URN:catalog:CLO:EBIRD:OBS1023328565	Animalia	Chordata	Aves	Galliformes	Phasianidae	Coturnix	Coturnix coturnix		SPECIES	Coturnix coturnix (Linnaeus, 1758)	Coturnix coturnix		BD	Padma River & Chars (Rajshahi)	Rajshahi bibhag	PRESENT	1	e2e717bf-551a-4917-bdc9-4fa0f342c530	24.32766	88.642586							2020-12-04	4	12	2020	2474156	2474156	HUMAN_OBSERVATION	CLO	EBIRD	OBS1023328565				CC_BY_4_0		obsr1290081			2024-04-17T10:02:25.676Z		CONTINENT_DERIVED_FROM_COORDINATES;TAXON_MATCH_TAXON_CONCEPT_ID_IGNORED
4652975394	4fa7b334-ce0d-4e88-aaae-2e0c138d049e	URN:catalog:CLO:EBIRD:OBS1835370419	Animalia	Chordata	Aves	Galliformes	Phasianidae	Polyplectron	Polyplectron bicalcaratum		SPECIES	Polyplectron bicalcaratum (Linnaeus, 1758)	Polyplectron bicalcaratum		BD	Kaptai NP	Chittagong bibhag	PRESENT		e2e717bf-551a-4917-bdc9-4fa0f342c530	22.502884	92.20181							2010-04-09	9	4	2010	2474079	2474079	HUMAN_OBSERVATION	CLO	EBIRD	OBS1835370419				CC_BY_4_0		obsr1938974			2024-04-17T08:43:13.710Z		CONTINENT_DERIVED_FROM_COORDINATES;TAXON_MATCH_TAXON_CONCEPT_ID_IGNORED
4304986606	4fa7b334-ce0d-4e88-aaae-2e0c138d049e	URN:catalog:CLO:EBIRD:OBS1622333361	Animalia	Chordata	Aves	Galliformes	Phasianidae	Gallus	Gallus gallus		SPECIES	Gallus gallus (Linnaeus, 1758)	Gallus gallus		BD	Shahbazpur	Sylhet bibhag	PRESENT	4	e2e717bf-551a-4917-bdc9-4fa0f342c530	24.808863	92.26447							2020-12-09	9	12	2020	9326020	9326020	HUMAN_OBSERVATION	CLO	EBIRD	OBS1622333361				CC_BY_4_0		obsr3033791			2024-04-17T08:42:22.867Z		CONTINENT_DERIVED_FROM_COORDINATES;TAXON_MATCH_TAXON_CONCEPT_ID_IGNORED
4271098940	4fa7b334-ce0d-4e88-aaae-2e0c138d049e	URN:catalog:CLO:EBIRD:OBS1611682579	Animalia	Chordata	Aves	Galliformes	Phasianidae	Gallus	Gallus gallus		SPECIES	Gallus gallus (Linnaeus, 1758)	Gallus gallus		BD	Satchari NP	Sylhet bibhag	PRESENT	4	e2e717bf-551a-4917-bdc9-4fa0f342c530	24.125654	91.446106							2020-11-25	25	11	2020	9326020	9326020	HUMAN_OBSERVATION	CLO	EBIRD	OBS1611682579				CC_BY_4_0		obsr1217936			2024-04-17T08:59:11.836Z		CONTINENT_DERIVED_FROM_COORDINATES;TAXON_MATCH_TAXON_CONCEPT_ID_IGNORED
4258275343	4fa7b334-ce0d-4e88-aaae-2e0c138d049e	URN:catalog:CLO:EBIRD:OBS1611682564	Animalia	Chordata	Aves	Galliformes	Phasianidae	Lophura	Lophura leucomelanos		SPECIES	Lophura leucomelanos (Latham, 1790)	Lophura leucomelanos		BD	Satchari NP	Sylhet bibhag	PRESENT	2	e2e717bf-551a-4917-bdc9-4fa0f342c530	24.125654	91.446106							2020-11-25	25	11	2020	5227993	5227993	HUMAN_OBSERVATION	CLO	EBIRD	OBS1611682564				CC_BY_4_0		obsr1217936			2024-04-17T08:38:42.897Z		CONTINENT_DERIVED_FROM_COORDINATES;TAXON_MATCH_TAXON_CONCEPT_ID_IGNORED
3687436670	4fa7b334-ce0d-4e88-aaae-2e0c138d049e	URN:catalog:CLO:EBIRD:OBS1241369878	Animalia	Chordata	Aves	Galliformes	Phasianidae	Arborophila	Arborophila atrogularis		SPECIES	Arborophila atrogularis (Blyth, 1849)	Arborophila atrogularis		BD	Satchari NP	Sylhet bibhag	PRESENT	2	e2e717bf-551a-4917-bdc9-4fa0f342c530	24.125654	91.446106							2010-04-02	2	4	2010	2473649	2473649	HUMAN_OBSERVATION	CLO	EBIRD	OBS1241369878				CC_BY_4_0		obsr820065			2024-04-17T08:33:55.771Z		CONTINENT_DERIVED_FROM_COORDINATES;TAXON_MATCH_TAXON_CONCEPT_ID_IGNORED
3654269034	4fa7b334-ce0d-4e88-aaae-2e0c138d049e	URN:catalog:CLO:EBIRD:OBS1256206241	Animalia	Chordata	Aves	Galliformes	Phasianidae	Gallus	Gallus gallus		SPECIES	Gallus gallus (Linnaeus, 1758)	Gallus gallus		BD	Nillkomol/Hiron Point, Sundarban, Khulna	Khulna bibhag	PRESENT	2	e2e717bf-551a-4917-bdc9-4fa0f342c530	21.82186	89.44229							2020-03-19	19	3	2020	9326020	9326020	HUMAN_OBSERVATION	CLO	EBIRD	OBS1256206241				CC_BY_4_0		obsr2077317			2024-04-17T10:02:39.955Z		CONTINENT_DERIVED_FROM_COORDINATES;TAXON_MATCH_TAXON_CONCEPT_ID_IGNORED
3649820108	4fa7b334-ce0d-4e88-aaae-2e0c138d049e	URN:catalog:CLO:EBIRD:OBS1239514563	Animalia	Chordata	Aves	Galliformes	Phasianidae	Lophura	Lophura leucomelanos		SPECIES	Lophura leucomelanos (Latham, 1790)	Lophura leucomelanos		BD	New Rangamati Road, Kaptai National Park, Chittagong Division, BD (22.511, 92.205)	Chittagong bibhag	PRESENT	2	e2e717bf-551a-4917-bdc9-4fa0f342c530	22.510864	92.20504							2010-05-21	21	5	2010	5227993	5227993	HUMAN_OBSERVATION	CLO	EBIRD	OBS1239514563				CC_BY_4_0		obsr2077317			2024-04-17T08:36:53.105Z		CONTINENT_DERIVED_FROM_COORDINATES;TAXON_MATCH_TAXON_CONCEPT_ID_IGNORED
3644782614	4fa7b334-ce0d-4e88-aaae-2e0c138d049e	URN:catalog:CLO:EBIRD:OBS1239514570	Animalia	Chordata	Aves	Galliformes	Phasianidae	Gallus	Gallus gallus		SPECIES	Gallus gallus (Linnaeus, 1758)	Gallus gallus		BD	New Rangamati Road, Kaptai National Park, Chittagong Division, BD (22.511, 92.205)	Chittagong bibhag	PRESENT	2	e2e717bf-551a-4917-bdc9-4fa0f342c530	22.510864	92.20504							2010-05-21	21	5	2010	9326020	9326020	HUMAN_OBSERVATION	CLO	EBIRD	OBS1239514570				CC_BY_4_0		obsr2077317			2024-04-17T10:00:56.112Z		CONTINENT_DERIVED_FROM_COORDINATES;TAXON_MATCH_TAXON_CONCEPT_ID_IGNORED
3643513296	4fa7b334-ce0d-4e88-aaae-2e0c138d049e	URN:catalog:CLO:EBIRD:OBS1153994468	Animalia	Chordata	Aves	Galliformes	Phasianidae	Francolinus	Francolinus francolinus		SPECIES	Francolinus francolinus (Linnaeus, 1766)	Francolinus francolinus		BD	Chorai Beel - Rohonpur  (Chapai Nawabgonj)	Rajshahi bibhag	PRESENT	1	e2e717bf-551a-4917-bdc9-4fa0f342c530	24.870546	88.30227							2020-02-10	10	2	2020	5227919	5227919	HUMAN_OBSERVATION	CLO	EBIRD	OBS1153994468				CC_BY_4_0		obsr1504168			2024-04-17T08:54:25.580Z		CONTINENT_DERIVED_FROM_COORDINATES;TAXON_MATCH_TAXON_CONCEPT_ID_IGNORED
3639116642	4fa7b334-ce0d-4e88-aaae-2e0c138d049e	URN:catalog:CLO:EBIRD:OBS1023328563	Animalia	Chordata	Aves	Galliformes	Phasianidae	Ortygornis	Ortygornis pondicerianus		SPECIES	Ortygornis pondicerianus (J.F.Gmelin, 1789)	Ortygornis pondicerianus		BD	Padma River & Chars (Rajshahi)	Rajshahi bibhag	PRESENT	2	e2e717bf-551a-4917-bdc9-4fa0f342c530	24.32766	88.642586							2020-12-04	4	12	2020	11273070	11273070	HUMAN_OBSERVATION	CLO	EBIRD	OBS1023328563				CC_BY_4_0		obsr1290081			2024-04-17T08:53:39.816Z		CONTINENT_DERIVED_FROM_COORDINATES;TAXON_MATCH_TAXON_CONCEPT_ID_IGNORED
3637103226	4fa7b334-ce0d-4e88-aaae-2e0c138d049e	URN:catalog:CLO:EBIRD:OBS1260570069	Animalia	Chordata	Aves	Galliformes	Phasianidae	Gallus	Gallus gallus		SPECIES	Gallus gallus (Linnaeus, 1758)	Gallus gallus		BD	Patharia Hill Region	Sylhet bibhag	PRESENT		e2e717bf-551a-4917-bdc9-4fa0f342c530	24.748924	92.25779							2010-11-22	22	11	2010	9326020	9326020	HUMAN_OBSERVATION	CLO	EBIRD	OBS1260570069				CC_BY_4_0		obsr1289960			2024-04-17T10:02:42.586Z		CONTINENT_DERIVED_FROM_COORDINATES;TAXON_MATCH_TAXON_CONCEPT_ID_IGNORED
3628086802	4fa7b334-ce0d-4e88-aaae-2e0c138d049e	URN:catalog:CLO:EBIRD:OBS1260570068	Animalia	Chordata	Aves	Galliformes	Phasianidae	Lophura	Lophura leucomelanos		SPECIES	Lophura leucomelanos (Latham, 1790)	Lophura leucomelanos		BD	Patharia Hill Region	Sylhet bibhag	PRESENT		e2e717bf-551a-4917-bdc9-4fa0f342c530	24.748924	92.25779							2010-11-22	22	11	2010	5227993	5227993	HUMAN_OBSERVATION	CLO	EBIRD	OBS1260570068				CC_BY_4_0		obsr1289960			2024-04-17T08:36:58.442Z		CONTINENT_DERIVED_FROM_COORDINATES;TAXON_MATCH_TAXON_CONCEPT_ID_IGNORED
3614496650	4fa7b334-ce0d-4e88-aaae-2e0c138d049e	URN:catalog:CLO:EBIRD:OBS1256199080	Animalia	Chordata	Aves	Galliformes	Phasianidae	Gallus	Gallus gallus		SPECIES	Gallus gallus (Linnaeus, 1758)	Gallus gallus		BD	Kokilmoni Forest Camp (Pond area) Khulna Division, BD (21.945, 89.595)	Khulna bibhag	PRESENT	5	e2e717bf-551a-4917-bdc9-4fa0f342c530	21.944796	89.595024							2020-03-18	18	3	2020	9326020	9326020	HUMAN_OBSERVATION	CLO	EBIRD	OBS1256199080				CC_BY_4_0		obsr2077317			2024-04-17T08:37:28.375Z		CONTINENT_DERIVED_FROM_COORDINATES;TAXON_MATCH_TAXON_CONCEPT_ID_IGNORED
3606530270	4fa7b334-ce0d-4e88-aaae-2e0c138d049e	URN:catalog:CLO:EBIRD:OBS1250241085	Animalia	Chordata	Aves	Galliformes	Phasianidae	Lophura	Lophura leucomelanos		SPECIES	Lophura leucomelanos (Latham, 1790)	Lophura leucomelanos		BD	Satchari National Park	Sylhet bibhag	PRESENT	1	e2e717bf-551a-4917-bdc9-4fa0f342c530	24.12573	91.44609							2020-10-03	3	10	2020	5227993	5227993	HUMAN_OBSERVATION	CLO	EBIRD	OBS1250241085				CC_BY_4_0		obsr2077317			2024-04-17T08:35:01.389Z		CONTINENT_DERIVED_FROM_COORDINATES;TAXON_MATCH_TAXON_CONCEPT_ID_IGNORED
3587446570	4fa7b334-ce0d-4e88-aaae-2e0c138d049e	URN:catalog:CLO:EBIRD:OBS1030383351	Animalia	Chordata	Aves	Galliformes	Phasianidae	Ortygornis	Ortygornis pondicerianus		SPECIES	Ortygornis pondicerianus (J.F.Gmelin, 1789)	Ortygornis pondicerianus		BD	Padma River & Chars (Rajshahi)	Rajshahi bibhag	PRESENT	5	e2e717bf-551a-4917-bdc9-4fa0f342c530	24.32766	88.642586							2020-12-17	17	12	2020	11273070	11273070	HUMAN_OBSERVATION	CLO	EBIRD	OBS1030383351				CC_BY_4_0		obsr620268			2024-04-17T08:34:32.057Z		CONTINENT_DERIVED_FROM_COORDINATES;TAXON_MATCH_TAXON_CONCEPT_ID_IGNORED
3586932694	4fa7b334-ce0d-4e88-aaae-2e0c138d049e	URN:catalog:CLO:EBIRD:OBS1023893578	Animalia	Chordata	Aves	Galliformes	Phasianidae	Ortygornis	Ortygornis pondicerianus		SPECIES	Ortygornis pondicerianus (J.F.Gmelin, 1789)	Ortygornis pondicerianus		BD	Padma River & Chars (Rajshahi)	Rajshahi bibhag	PRESENT	2	e2e717bf-551a-4917-bdc9-4fa0f342c530	24.32766	88.642586							2020-12-04	4	12	2020	11273070	11273070	HUMAN_OBSERVATION	CLO	EBIRD	OBS1023893578				CC_BY_4_0		obsr1926477			2024-04-17T09:58:36.487Z		CONTINENT_DERIVED_FROM_COORDINATES;TAXON_MATCH_TAXON_CONCEPT_ID_IGNORED
3586710546	4fa7b334-ce0d-4e88-aaae-2e0c138d049e	URN:catalog:CLO:EBIRD:OBS1016479264	Animalia	Chordata	Aves	Galliformes	Phasianidae	Ortygornis	Ortygornis pondicerianus		SPECIES	Ortygornis pondicerianus (J.F.Gmelin, 1789)	Ortygornis pondicerianus		BD	Padma River & Chars (Rajshahi)	Rajshahi bibhag	PRESENT	5	e2e717bf-551a-4917-bdc9-4fa0f342c530	24.32766	88.642586							2020-11-22	22	11	2020	11273070	11273070	HUMAN_OBSERVATION	CLO	EBIRD	OBS1016479264				CC_BY_4_0		obsr1268033			2024-04-17T10:00:03.400Z		CONTINENT_DERIVED_FROM_COORDINATES;TAXON_MATCH_TAXON_CONCEPT_ID_IGNORED
3584736670	4fa7b334-ce0d-4e88-aaae-2e0c138d049e	URN:catalog:CLO:EBIRD:OBS1010406719	Animalia	Chordata	Aves	Galliformes	Phasianidae	Ortygornis	Ortygornis pondicerianus		SPECIES	Ortygornis pondicerianus (J.F.Gmelin, 1789)	Ortygornis pondicerianus		BD	Padma River & Chars (Rajshahi)	Rajshahi bibhag	PRESENT	2	e2e717bf-551a-4917-bdc9-4fa0f342c530	24.32766	88.642586							2020-11-11	11	11	2020	11273070	11273070	HUMAN_OBSERVATION	CLO	EBIRD	OBS1010406719				CC_BY_4_0		obsr620268			2024-04-17T08:33:20.928Z		CONTINENT_DERIVED_FROM_COORDINATES;TAXON_MATCH_TAXON_CONCEPT_ID_IGNORED
3579843849	4fa7b334-ce0d-4e88-aaae-2e0c138d049e	URN:catalog:CLO:EBIRD:OBS998017243	Animalia	Chordata	Aves	Galliformes	Phasianidae	Lophura	Lophura leucomelanos		SPECIES	Lophura leucomelanos (Latham, 1790)	Lophura leucomelanos		BD	Chittagong University Campus (Chattogram)	Chittagong bibhag	PRESENT	4	e2e717bf-551a-4917-bdc9-4fa0f342c530	22.460619	91.788895							2020-10-17	17	10	2020	5227993	5227993	HUMAN_OBSERVATION	CLO	EBIRD	OBS998017243				CC_BY_4_0		obsr1911156			2024-04-17T08:52:24.291Z		CONTINENT_DERIVED_FROM_COORDINATES;TAXON_MATCH_TAXON_CONCEPT_ID_IGNORED
3578473625	4fa7b334-ce0d-4e88-aaae-2e0c138d049e	URN:catalog:CLO:EBIRD:OBS1021067972	Animalia	Chordata	Aves	Galliformes	Phasianidae	Ortygornis	Ortygornis pondicerianus		SPECIES	Ortygornis pondicerianus (J.F.Gmelin, 1789)	Ortygornis pondicerianus		BD	Padma River & Chars (Rajshahi)	Rajshahi bibhag	PRESENT	5	e2e717bf-551a-4917-bdc9-4fa0f342c530	24.32766	88.642586							2020-11-22	22	11	2020	11273070	11273070	HUMAN_OBSERVATION	CLO	EBIRD	OBS1021067972				CC_BY_4_0		obsr1290096			2024-04-17T09:14:20.027Z		CONTINENT_DERIVED_FROM_COORDINATES;TAXON_MATCH_TAXON_CONCEPT_ID_IGNORED
3577100738	4fa7b334-ce0d-4e88-aaae-2e0c138d049e	URN:catalog:CLO:EBIRD:OBS1256321342	Animalia	Chordata	Aves	Galliformes	Phasianidae	Gallus	Gallus gallus		SPECIES	Gallus gallus (Linnaeus, 1758)	Gallus gallus		BD	Kokilmoni Forest Camp (Pond area) Khulna Division, BD (21.945, 89.595)	Khulna bibhag	PRESENT	2	e2e717bf-551a-4917-bdc9-4fa0f342c530	21.944796	89.595024							2020-01-15	15	1	2020	9326020	9326020	HUMAN_OBSERVATION	CLO	EBIRD	OBS1256321342				CC_BY_4_0		obsr2077317			2024-04-17T08:34:47.490Z		CONTINENT_DERIVED_FROM_COORDINATES;TAXON_MATCH_TAXON_CONCEPT_ID_IGNORED
3566484478	4fa7b334-ce0d-4e88-aaae-2e0c138d049e	URN:catalog:CLO:EBIRD:OBS879175616	Animalia	Chordata	Aves	Galliformes	Phasianidae	Gallus	Gallus gallus		SPECIES	Gallus gallus (Linnaeus, 1758)	Gallus gallus		BD	Satchari NP	Sylhet bibhag	PRESENT	1	e2e717bf-551a-4917-bdc9-4fa0f342c530	24.125654	91.446106							2020-03-15	15	3	2020	9326020	9326020	HUMAN_OBSERVATION	CLO	EBIRD	OBS879175616				CC_BY_4_0		obsr820065			2024-04-17T08:53:03.982Z		CONTINENT_DERIVED_FROM_COORDINATES;TAXON_MATCH_TAXON_CONCEPT_ID_IGNORED
3563874648	4fa7b334-ce0d-4e88-aaae-2e0c138d049e	URN:catalog:CLO:EBIRD:OBS997459052	Animalia	Chordata	Aves	Galliformes	Phasianidae	Lophura	Lophura leucomelanos		SPECIES	Lophura leucomelanos (Latham, 1790)	Lophura leucomelanos		BD	Chittagong University Campus (Chattogram)	Chittagong bibhag	PRESENT	4	e2e717bf-551a-4917-bdc9-4fa0f342c530	22.460619	91.788895							2020-10-17	17	10	2020	5227993	5227993	HUMAN_OBSERVATION	CLO	EBIRD	OBS997459052				CC_BY_4_0		obsr1938921			2024-04-17T08:53:39.999Z		CONTINENT_DERIVED_FROM_COORDINATES;TAXON_MATCH_TAXON_CONCEPT_ID_IGNORED
3562706937	4fa7b334-ce0d-4e88-aaae-2e0c138d049e	URN:catalog:CLO:EBIRD:OBS1227954157	Animalia	Chordata	Aves	Galliformes	Phasianidae	Ortygornis	Ortygornis pondicerianus		SPECIES	Ortygornis pondicerianus (J.F.Gmelin, 1789)	Ortygornis pondicerianus		BD	Padma River & Chars (Rajshahi)	Rajshahi bibhag	PRESENT	3	e2e717bf-551a-4917-bdc9-4fa0f342c530	24.32766	88.642586							2020-11-30	30	11	2020	11273070	11273070	HUMAN_OBSERVATION	CLO	EBIRD	OBS1227954157				CC_BY_4_0		obsr1768394			2024-04-17T09:21:37.860Z		CONTINENT_DERIVED_FROM_COORDINATES;TAXON_MATCH_TAXON_CONCEPT_ID_IGNORED
3561978472	4fa7b334-ce0d-4e88-aaae-2e0c138d049e	URN:catalog:CLO:EBIRD:OBS879175605	Animalia	Chordata	Aves	Galliformes	Phasianidae	Lophura	Lophura leucomelanos		SPECIES	Lophura leucomelanos (Latham, 1790)	Lophura leucomelanos		BD	Satchari NP	Sylhet bibhag	PRESENT	2	e2e717bf-551a-4917-bdc9-4fa0f342c530	24.125654	91.446106							2020-03-15	15	3	2020	5227993	5227993	HUMAN_OBSERVATION	CLO	EBIRD	OBS879175605				CC_BY_4_0		obsr820065			2024-04-17T08:51:55.528Z		CONTINENT_DERIVED_FROM_COORDINATES;TAXON_MATCH_TAXON_CONCEPT_ID_IGNORED
3561844563	4fa7b334-ce0d-4e88-aaae-2e0c138d049e	URN:catalog:CLO:EBIRD:OBS1016989794	Animalia	Chordata	Aves	Galliformes	Phasianidae	Ortygornis	Ortygornis pondicerianus		SPECIES	Ortygornis pondicerianus (J.F.Gmelin, 1789)	Ortygornis pondicerianus		BD	Padma River & Chars (Rajshahi)	Rajshahi bibhag	PRESENT	4	e2e717bf-551a-4917-bdc9-4fa0f342c530	24.32766	88.642586							2020-11-24	24	11	2020	11273070	11273070	HUMAN_OBSERVATION	CLO	EBIRD	OBS1016989794				CC_BY_4_0		obsr620268			2024-04-17T08:32:14.933Z		CONTINENT_DERIVED_FROM_COORDINATES;TAXON_MATCH_TAXON_CONCEPT_ID_IGNORED
3544326355	4fa7b334-ce0d-4e88-aaae-2e0c138d049e	URN:catalog:CLO:EBIRD:OBS1250245398	Animalia	Chordata	Aves	Galliformes	Phasianidae	Gallus	Gallus gallus		SPECIES	Gallus gallus (Linnaeus, 1758)	Gallus gallus		BD	Satchari National Park	Sylhet bibhag	PRESENT	5	e2e717bf-551a-4917-bdc9-4fa0f342c530	24.12573	91.44609							2020-10-03	3	10	2020	9326020	9326020	HUMAN_OBSERVATION	CLO	EBIRD	OBS1250245398				CC_BY_4_0		obsr2077317			2024-04-17T09:03:45.789Z		CONTINENT_DERIVED_FROM_COORDINATES;TAXON_MATCH_TAXON_CONCEPT_ID_IGNORED
3534327624	4fa7b334-ce0d-4e88-aaae-2e0c138d049e	URN:catalog:CLO:EBIRD:OBS1122505409	Animalia	Chordata	Aves	Galliformes	Phasianidae	Gallus	Gallus gallus		SPECIES	Gallus gallus (Linnaeus, 1758)	Gallus gallus		BD	Palace Resort	Sylhet bibhag	PRESENT	3	e2e717bf-551a-4917-bdc9-4fa0f342c530	24.4028	91.59951							2020-11-22	22	11	2020	9326020	9326020	HUMAN_OBSERVATION	CLO	EBIRD	OBS1122505409				CC_BY_4_0		obsr935233			2024-04-17T10:01:28.328Z		CONTINENT_DERIVED_FROM_COORDINATES;TAXON_MATCH_TAXON_CONCEPT_ID_IGNORED
3509851092	4fa7b334-ce0d-4e88-aaae-2e0c138d049e	URN:catalog:CLO:EBIRD:OBS1090235887	Animalia	Chordata	Aves	Galliformes	Phasianidae	Ortygornis	Ortygornis pondicerianus		SPECIES	Ortygornis pondicerianus (J.F.Gmelin, 1789)	Ortygornis pondicerianus		BD	Rajshahi	Rajshahi bibhag	PRESENT	5	e2e717bf-551a-4917-bdc9-4fa0f342c530	24.334682	88.626854							2020-11-17	17	11	2020	11273070	11273070	HUMAN_OBSERVATION	CLO	EBIRD	OBS1090235887				CC_BY_4_0		obsr609637			2024-04-17T09:15:10.424Z		CONTINENT_DERIVED_FROM_COORDINATES;TAXON_MATCH_TAXON_CONCEPT_ID_IGNORED
3504462883	4fa7b334-ce0d-4e88-aaae-2e0c138d049e	URN:catalog:CLO:EBIRD:OBS1016252737	Animalia	Chordata	Aves	Galliformes	Phasianidae	Ortygornis	Ortygornis pondicerianus		SPECIES	Ortygornis pondicerianus (J.F.Gmelin, 1789)	Ortygornis pondicerianus		BD	Padma River & Chars (Rajshahi)	Rajshahi bibhag	PRESENT	3	e2e717bf-551a-4917-bdc9-4fa0f342c530	24.32766	88.642586							2020-11-22	22	11	2020	11273070	11273070	HUMAN_OBSERVATION	CLO	EBIRD	OBS1016252737				CC_BY_4_0		obsr1289956			2024-04-17T09:18:17.709Z		CONTINENT_DERIVED_FROM_COORDINATES;TAXON_MATCH_TAXON_CONCEPT_ID_IGNORED
3504413945	4fa7b334-ce0d-4e88-aaae-2e0c138d049e	URN:catalog:CLO:EBIRD:OBS1028644719	Animalia	Chordata	Aves	Galliformes	Phasianidae	Coturnix	Coturnix coromandelica		SPECIES	Coturnix coromandelica (J.F.Gmelin, 1789)	Coturnix coromandelica		BD	Padma River & Chars (Rajshahi)	Rajshahi bibhag	PRESENT	4	e2e717bf-551a-4917-bdc9-4fa0f342c530	24.32766	88.642586							2020-12-11	11	12	2020	2474163	2474163	HUMAN_OBSERVATION	CLO	EBIRD	OBS1028644719				CC_BY_4_0		obsr1471215			2024-04-17T08:32:34.965Z		CONTINENT_DERIVED_FROM_COORDINATES;TAXON_MATCH_TAXON_CONCEPT_ID_IGNORED
3504365871	4fa7b334-ce0d-4e88-aaae-2e0c138d049e	URN:catalog:CLO:EBIRD:OBS1028644704	Animalia	Chordata	Aves	Galliformes	Phasianidae	Ortygornis	Ortygornis pondicerianus		SPECIES	Ortygornis pondicerianus (J.F.Gmelin, 1789)	Ortygornis pondicerianus		BD	Padma River & Chars (Rajshahi)	Rajshahi bibhag	PRESENT	3	e2e717bf-551a-4917-bdc9-4fa0f342c530	24.32766	88.642586							2020-12-11	11	12	2020	11273070	11273070	HUMAN_OBSERVATION	CLO	EBIRD	OBS1028644704				CC_BY_4_0		obsr1471215			2024-04-17T09:59:36.346Z		CONTINENT_DERIVED_FROM_COORDINATES;TAXON_MATCH_TAXON_CONCEPT_ID_IGNORED
3504278882	4fa7b334-ce0d-4e88-aaae-2e0c138d049e	URN:catalog:CLO:EBIRD:OBS997029333	Animalia	Chordata	Aves	Galliformes	Phasianidae	Lophura	Lophura leucomelanos		SPECIES	Lophura leucomelanos (Latham, 1790)	Lophura leucomelanos		BD	Chittagong University Campus (Chattogram)	Chittagong bibhag	PRESENT	4	e2e717bf-551a-4917-bdc9-4fa0f342c530	22.460619	91.788895							2020-10-17	17	10	2020	5227993	5227993	HUMAN_OBSERVATION	CLO	EBIRD	OBS997029333				CC_BY_4_0		obsr1938920			2024-04-17T09:58:56.375Z		CONTINENT_DERIVED_FROM_COORDINATES;TAXON_MATCH_TAXON_CONCEPT_ID_IGNORED
3298662786	4fa7b334-ce0d-4e88-aaae-2e0c138d049e	URN:catalog:CLO:EBIRD:OBS1015771103	Animalia	Chordata	Aves	Galliformes	Phasianidae	Gallus	Gallus gallus		SPECIES	Gallus gallus (Linnaeus, 1758)	Gallus gallus		BD	Rema-Kalenga WS (Kalenga)	Sylhet bibhag	PRESENT	5	e2e717bf-551a-4917-bdc9-4fa0f342c530	24.117458	91.632324							2020-11-21	21	11	2020	9326020	9326020	HUMAN_OBSERVATION	CLO	EBIRD	OBS1015771103				CC_BY_4_0		obsr1287974			2024-04-17T08:53:23.104Z		CONTINENT_DERIVED_FROM_COORDINATES;TAXON_MATCH_TAXON_CONCEPT_ID_IGNORED
3297510515	4fa7b334-ce0d-4e88-aaae-2e0c138d049e	URN:catalog:CLO:EBIRD:OBS1020619149	Animalia	Chordata	Aves	Galliformes	Phasianidae	Ortygornis	Ortygornis pondicerianus		SPECIES	Ortygornis pondicerianus (J.F.Gmelin, 1789)	Ortygornis pondicerianus		BD	Padma River & Chars (Rajshahi)	Rajshahi bibhag	PRESENT	2	e2e717bf-551a-4917-bdc9-4fa0f342c530	24.32766	88.642586							2020-11-29	29	11	2020	11273070	11273070	HUMAN_OBSERVATION	CLO	EBIRD	OBS1020619149				CC_BY_4_0		obsr1286330			2024-04-17T08:34:49.930Z		CONTINENT_DERIVED_FROM_COORDINATES;TAXON_MATCH_TAXON_CONCEPT_ID_IGNORED
3295873359	4fa7b334-ce0d-4e88-aaae-2e0c138d049e	URN:catalog:CLO:EBIRD:OBS1025656388	Animalia	Chordata	Aves	Galliformes	Phasianidae	Gallus	Gallus gallus		SPECIES	Gallus gallus (Linnaeus, 1758)	Gallus gallus		BD	Satchari NP	Sylhet bibhag	PRESENT	3	e2e717bf-551a-4917-bdc9-4fa0f342c530	24.125654	91.446106							2020-12-01	1	12	2020	9326020	9326020	HUMAN_OBSERVATION	CLO	EBIRD	OBS1025656388				CC_BY_4_0		obsr1289956			2024-04-17T09:59:19.853Z		CONTINENT_DERIVED_FROM_COORDINATES;TAXON_MATCH_TAXON_CONCEPT_ID_IGNORED
3294261361	4fa7b334-ce0d-4e88-aaae-2e0c138d049e	URN:catalog:CLO:EBIRD:OBS1005030739	Animalia	Chordata	Aves	Galliformes	Phasianidae	Coturnix	Coturnix coromandelica		SPECIES	Coturnix coromandelica (J.F.Gmelin, 1789)	Coturnix coromandelica		BD	Padma River & Chars (Rajshahi)	Rajshahi bibhag	PRESENT	5	e2e717bf-551a-4917-bdc9-4fa0f342c530	24.32766	88.642586							2020-10-31	31	10	2020	2474163	2474163	HUMAN_OBSERVATION	CLO	EBIRD	OBS1005030739				CC_BY_4_0		obsr1289956			2024-04-17T09:14:37.204Z		CONTINENT_DERIVED_FROM_COORDINATES;TAXON_MATCH_TAXON_CONCEPT_ID_IGNORED
3290455573	4fa7b334-ce0d-4e88-aaae-2e0c138d049e	URN:catalog:CLO:EBIRD:OBS1009645752	Animalia	Chordata	Aves	Galliformes	Phasianidae	Coturnix	Coturnix coromandelica		SPECIES	Coturnix coromandelica (J.F.Gmelin, 1789)	Coturnix coromandelica		BD	Padma River & Chars (Rajshahi)	Rajshahi bibhag	PRESENT	1	e2e717bf-551a-4917-bdc9-4fa0f342c530	24.32766	88.642586							2020-11-09	9	11	2020	2474163	2474163	HUMAN_OBSERVATION	CLO	EBIRD	OBS1009645752				CC_BY_4_0		obsr1289956			2024-04-17T08:34:34.170Z		CONTINENT_DERIVED_FROM_COORDINATES;TAXON_MATCH_TAXON_CONCEPT_ID_IGNORED
3290386725	4fa7b334-ce0d-4e88-aaae-2e0c138d049e	URN:catalog:CLO:EBIRD:OBS999196658	Animalia	Chordata	Aves	Galliformes	Phasianidae	Gallus	Gallus gallus		SPECIES	Gallus gallus (Linnaeus, 1758)	Gallus gallus		BD	Adampur - Rajkandi Reserve Forest	Sylhet bibhag	PRESENT	2	e2e717bf-551a-4917-bdc9-4fa0f342c530	24.22929	91.913895							2020-10-17	17	10	2020	9326020	9326020	HUMAN_OBSERVATION	CLO	EBIRD	OBS999196658				CC_BY_4_0		obsr1911156			2024-04-17T09:17:37.565Z		CONTINENT_DERIVED_FROM_COORDINATES;TAXON_MATCH_TAXON_CONCEPT_ID_IGNORED
3289834026	4fa7b334-ce0d-4e88-aaae-2e0c138d049e	URN:catalog:CLO:EBIRD:OBS997129474	Animalia	Chordata	Aves	Galliformes	Phasianidae	Ortygornis	Ortygornis pondicerianus		SPECIES	Ortygornis pondicerianus (J.F.Gmelin, 1789)	Ortygornis pondicerianus		BD	Padma River & Chars (Rajshahi)	Rajshahi bibhag	PRESENT	8	e2e717bf-551a-4917-bdc9-4fa0f342c530	24.32766	88.642586							2020-10-17	17	10	2020	11273070	11273070	HUMAN_OBSERVATION	CLO	EBIRD	OBS997129474				CC_BY_4_0		obsr916763			2024-04-17T08:53:22.305Z		CONTINENT_DERIVED_FROM_COORDINATES;TAXON_MATCH_TAXON_CONCEPT_ID_IGNORED
3286110424	4fa7b334-ce0d-4e88-aaae-2e0c138d049e	URN:catalog:CLO:EBIRD:OBS1004123232	Animalia	Chordata	Aves	Galliformes	Phasianidae	Coturnix	Coturnix coromandelica		SPECIES	Coturnix coromandelica (J.F.Gmelin, 1789)	Coturnix coromandelica		BD	Padma River & Chars (Rajshahi)	Rajshahi bibhag	PRESENT	3	e2e717bf-551a-4917-bdc9-4fa0f342c530	24.32766	88.642586							2020-10-29	29	10	2020	2474163	2474163	HUMAN_OBSERVATION	CLO	EBIRD	OBS1004123232				CC_BY_4_0		obsr1290096			2024-04-17T09:14:04.007Z		CONTINENT_DERIVED_FROM_COORDINATES;TAXON_MATCH_TAXON_CONCEPT_ID_IGNORED
3285622360	4fa7b334-ce0d-4e88-aaae-2e0c138d049e	URN:catalog:CLO:EBIRD:OBS998238730	Animalia	Chordata	Aves	Galliformes	Phasianidae	Gallus	Gallus gallus		SPECIES	Gallus gallus (Linnaeus, 1758)	Gallus gallus		BD	Satchari NP	Sylhet bibhag	PRESENT	2	e2e717bf-551a-4917-bdc9-4fa0f342c530	24.125654	91.446106							2020-10-18	18	10	2020	9326020	9326020	HUMAN_OBSERVATION	CLO	EBIRD	OBS998238730				CC_BY_4_0		obsr1911156			2024-04-17T08:54:03.397Z		CONTINENT_DERIVED_FROM_COORDINATES;TAXON_MATCH_TAXON_CONCEPT_ID_IGNORED
3283521000	4fa7b334-ce0d-4e88-aaae-2e0c138d049e	URN:catalog:CLO:EBIRD:OBS1003307847	Animalia	Chordata	Aves	Galliformes	Phasianidae	Coturnix	Coturnix coromandelica		SPECIES	Coturnix coromandelica (J.F.Gmelin, 1789)	Coturnix coromandelica		BD	Padma River & Chars (Rajshahi)	Rajshahi bibhag	PRESENT	3	e2e717bf-551a-4917-bdc9-4fa0f342c530	24.32766	88.642586							2020-10-27	27	10	2020	2474163	2474163	HUMAN_OBSERVATION	CLO	EBIRD	OBS1003307847				CC_BY_4_0		obsr1290096			2024-04-17T08:53:43.955Z		CONTINENT_DERIVED_FROM_COORDINATES;TAXON_MATCH_TAXON_CONCEPT_ID_IGNORED
3282713333	4fa7b334-ce0d-4e88-aaae-2e0c138d049e	URN:catalog:CLO:EBIRD:OBS887011729	Animalia	Chordata	Aves	Galliformes	Phasianidae	Gallus	Gallus gallus		SPECIES	Gallus gallus (Linnaeus, 1758)	Gallus gallus		BD	Satchari NP	Sylhet bibhag	PRESENT	5	e2e717bf-551a-4917-bdc9-4fa0f342c530	24.125654	91.446106							2020-01-28	28	1	2020	9326020	9326020	HUMAN_OBSERVATION	CLO	EBIRD	OBS887011729				CC_BY_4_0		obsr1393006			2024-04-17T09:13:05.144Z		CONTINENT_DERIVED_FROM_COORDINATES;TAXON_MATCH_TAXON_CONCEPT_ID_IGNORED
3281781453	4fa7b334-ce0d-4e88-aaae-2e0c138d049e	URN:catalog:CLO:EBIRD:OBS989181445	Animalia	Chordata	Aves	Galliformes	Phasianidae	Gallus	Gallus gallus		SPECIES	Gallus gallus (Linnaeus, 1758)	Gallus gallus		BD	Satchari NP	Sylhet bibhag	PRESENT	2	e2e717bf-551a-4917-bdc9-4fa0f342c530	24.125654	91.446106							2020-09-30	30	9	2020	9326020	9326020	HUMAN_OBSERVATION	CLO	EBIRD	OBS989181445				CC_BY_4_0		obsr1268033			2024-04-17T08:53:16.571Z		CONTINENT_DERIVED_FROM_COORDINATES;TAXON_MATCH_TAXON_CONCEPT_ID_IGNORED
3280004001	4fa7b334-ce0d-4e88-aaae-2e0c138d049e	URN:catalog:CLO:EBIRD:OBS964792272	Animalia	Chordata	Aves	Galliformes	Phasianidae	Gallus	Gallus gallus		SPECIES	Gallus gallus (Linnaeus, 1758)	Gallus gallus		BD	Lawachara NP	Sylhet bibhag	PRESENT	1	e2e717bf-551a-4917-bdc9-4fa0f342c530	24.341389	91.79768							2010-02-15	15	2	2010	9326020	9326020	HUMAN_OBSERVATION	CLO	EBIRD	OBS964792272				CC_BY_4_0		obsr820065			2024-04-17T08:52:47.831Z		CONTINENT_DERIVED_FROM_COORDINATES;TAXON_MATCH_TAXON_CONCEPT_ID_IGNORED
3275943823	4fa7b334-ce0d-4e88-aaae-2e0c138d049e	URN:catalog:CLO:EBIRD:OBS997025445	Animalia	Chordata	Aves	Galliformes	Phasianidae	Lophura	Lophura leucomelanos		SPECIES	Lophura leucomelanos (Latham, 1790)	Lophura leucomelanos		BD	Chittagong University Campus (Chattogram)	Chittagong bibhag	PRESENT	4	e2e717bf-551a-4917-bdc9-4fa0f342c530	22.460619	91.788895							2020-10-17	17	10	2020	5227993	5227993	HUMAN_OBSERVATION	CLO	EBIRD	OBS997025445				CC_BY_4_0		obsr1436918			2024-04-17T09:18:11.667Z		CONTINENT_DERIVED_FROM_COORDINATES;TAXON_MATCH_TAXON_CONCEPT_ID_IGNORED
3273819385	4fa7b334-ce0d-4e88-aaae-2e0c138d049e	URN:catalog:CLO:EBIRD:OBS1002732438	Animalia	Chordata	Aves	Galliformes	Phasianidae	Ortygornis	Ortygornis pondicerianus		SPECIES	Ortygornis pondicerianus (J.F.Gmelin, 1789)	Ortygornis pondicerianus		BD	Padma River & Chars (Rajshahi)	Rajshahi bibhag	PRESENT	2	e2e717bf-551a-4917-bdc9-4fa0f342c530	24.32766	88.642586							2020-10-26	26	10	2020	11273070	11273070	HUMAN_OBSERVATION	CLO	EBIRD	OBS1002732438				CC_BY_4_0		obsr620268			2024-04-17T08:53:03.165Z		CONTINENT_DERIVED_FROM_COORDINATES;TAXON_MATCH_TAXON_CONCEPT_ID_IGNORED
3273270810	4fa7b334-ce0d-4e88-aaae-2e0c138d049e	URN:catalog:CLO:EBIRD:OBS1039831020	Animalia	Chordata	Aves	Galliformes	Phasianidae	Ortygornis	Ortygornis pondicerianus		SPECIES	Ortygornis pondicerianus (J.F.Gmelin, 1789)	Ortygornis pondicerianus		BD	Padma River & Chars (Rajshahi)	Rajshahi bibhag	PRESENT	1	e2e717bf-551a-4917-bdc9-4fa0f342c530	24.32766	88.642586							2020-12-28	28	12	2020	11273070	11273070	HUMAN_OBSERVATION	CLO	EBIRD	OBS1039831020				CC_BY_4_0		obsr1174141			2024-04-17T08:32:37.551Z		CONTINENT_DERIVED_FROM_COORDINATES;TAXON_MATCH_TAXON_CONCEPT_ID_IGNORED
3272618388	4fa7b334-ce0d-4e88-aaae-2e0c138d049e	URN:catalog:CLO:EBIRD:OBS1025737150	Animalia	Chordata	Aves	Galliformes	Phasianidae	Gallus	Gallus gallus		SPECIES	Gallus gallus (Linnaeus, 1758)	Gallus gallus		BD	Dulahazara Safari Park, Chittagong Division, BD (21.665, 92.096)	Chittagong bibhag	PRESENT	2	e2e717bf-551a-4917-bdc9-4fa0f342c530	21.665064	92.096245							2020-12-09	9	12	2020	9326020	9326020	HUMAN_OBSERVATION	CLO	EBIRD	OBS1025737150				CC_BY_4_0		obsr1423031			2024-04-17T09:01:43.701Z		CONTINENT_DERIVED_FROM_COORDINATES;TAXON_MATCH_TAXON_CONCEPT_ID_IGNORED
3271880526	4fa7b334-ce0d-4e88-aaae-2e0c138d049e	URN:catalog:CLO:EBIRD:OBS1012972269	Animalia	Chordata	Aves	Galliformes	Phasianidae	Gallus	Gallus gallus		SPECIES	Gallus gallus (Linnaeus, 1758)	Gallus gallus		BD	Lawachara NP	Sylhet bibhag	PRESENT	2	e2e717bf-551a-4917-bdc9-4fa0f342c530	24.341389	91.79768							2020-08-29	29	8	2020	9326020	9326020	HUMAN_OBSERVATION	CLO	EBIRD	OBS1012972269				CC_BY_4_0		obsr935233			2024-04-17T08:53:44.028Z		CONTINENT_DERIVED_FROM_COORDINATES;TAXON_MATCH_TAXON_CONCEPT_ID_IGNORED
3270761727	4fa7b334-ce0d-4e88-aaae-2e0c138d049e	URN:catalog:CLO:EBIRD:OBS1011209620	Animalia	Chordata	Aves	Galliformes	Phasianidae	Lophura	Lophura leucomelanos		SPECIES	Lophura leucomelanos (Latham, 1790)	Lophura leucomelanos		BD	Lawachara NP	Sylhet bibhag	PRESENT	1	e2e717bf-551a-4917-bdc9-4fa0f342c530	24.341389	91.79768							2020-11-13	13	11	2020	5227993	5227993	HUMAN_OBSERVATION	CLO	EBIRD	OBS1011209620				CC_BY_4_0		obsr1291610			2024-04-17T10:00:36.954Z		CONTINENT_DERIVED_FROM_COORDINATES;TAXON_MATCH_TAXON_CONCEPT_ID_IGNORED
3270697847	4fa7b334-ce0d-4e88-aaae-2e0c138d049e	URN:catalog:CLO:EBIRD:OBS996964862	Animalia	Chordata	Aves	Galliformes	Phasianidae	Gallus	Gallus gallus		SPECIES	Gallus gallus (Linnaeus, 1758)	Gallus gallus		BD	Chittagong University Campus (Chattogram)	Chittagong bibhag	PRESENT	1	e2e717bf-551a-4917-bdc9-4fa0f342c530	22.460619	91.788895							2020-10-17	17	10	2020	9326020	9326020	HUMAN_OBSERVATION	CLO	EBIRD	OBS996964862				CC_BY_4_0		obsr1436918			2024-04-17T09:59:03.128Z		CONTINENT_DERIVED_FROM_COORDINATES;TAXON_MATCH_TAXON_CONCEPT_ID_IGNORED
3270591813	4fa7b334-ce0d-4e88-aaae-2e0c138d049e	URN:catalog:CLO:EBIRD:OBS1022216592	Animalia	Chordata	Aves	Galliformes	Phasianidae	Coturnix	Coturnix coturnix		SPECIES	Coturnix coturnix (Linnaeus, 1758)	Coturnix coturnix		BD	Padma River & Chars (Rajshahi)	Rajshahi bibhag	PRESENT	2	e2e717bf-551a-4917-bdc9-4fa0f342c530	24.32766	88.642586							2020-11-29	29	11	2020	2474156	2474156	HUMAN_OBSERVATION	CLO	EBIRD	OBS1022216592				CC_BY_4_0		obsr1286330			2024-04-17T09:16:43.906Z		CONTINENT_DERIVED_FROM_COORDINATES;TAXON_MATCH_TAXON_CONCEPT_ID_IGNORED
3265667921	4fa7b334-ce0d-4e88-aaae-2e0c138d049e	URN:catalog:CLO:EBIRD:OBS1021097545	Animalia	Chordata	Aves	Galliformes	Phasianidae	Ortygornis	Ortygornis pondicerianus		SPECIES	Ortygornis pondicerianus (J.F.Gmelin, 1789)	Ortygornis pondicerianus		BD	Padma River & Chars (Rajshahi)	Rajshahi bibhag	PRESENT	2	e2e717bf-551a-4917-bdc9-4fa0f342c530	24.32766	88.642586							2020-11-29	29	11	2020	11273070	11273070	HUMAN_OBSERVATION	CLO	EBIRD	OBS1021097545				CC_BY_4_0		obsr1290081			2024-04-17T09:16:51.854Z		CONTINENT_DERIVED_FROM_COORDINATES;TAXON_MATCH_TAXON_CONCEPT_ID_IGNORED
3264160108	4fa7b334-ce0d-4e88-aaae-2e0c138d049e	URN:catalog:CLO:EBIRD:OBS1022402312	Animalia	Chordata	Aves	Galliformes	Phasianidae	Coturnix	Coturnix coturnix		SPECIES	Coturnix coturnix (Linnaeus, 1758)	Coturnix coturnix		BD	Padma River & Chars (Rajshahi)	Rajshahi bibhag	PRESENT	2	e2e717bf-551a-4917-bdc9-4fa0f342c530	24.32766	88.642586							2020-11-29	29	11	2020	2474156	2474156	HUMAN_OBSERVATION	CLO	EBIRD	OBS1022402312				CC_BY_4_0		obsr1290081			2024-04-17T08:52:54.193Z		CONTINENT_DERIVED_FROM_COORDINATES;TAXON_MATCH_TAXON_CONCEPT_ID_IGNORED
3261484287	4fa7b334-ce0d-4e88-aaae-2e0c138d049e	URN:catalog:CLO:EBIRD:OBS1005067137	Animalia	Chordata	Aves	Galliformes	Phasianidae	Coturnix	Coturnix coromandelica		SPECIES	Coturnix coromandelica (J.F.Gmelin, 1789)	Coturnix coromandelica		BD	Padma River & Chars (Rajshahi)	Rajshahi bibhag	PRESENT	2	e2e717bf-551a-4917-bdc9-4fa0f342c530	24.32766	88.642586							2020-10-31	31	10	2020	2474163	2474163	HUMAN_OBSERVATION	CLO	EBIRD	OBS1005067137				CC_BY_4_0		obsr1290096			2024-04-17T08:32:29.192Z		CONTINENT_DERIVED_FROM_COORDINATES;TAXON_MATCH_TAXON_CONCEPT_ID_IGNORED
3260108097	4fa7b334-ce0d-4e88-aaae-2e0c138d049e	URN:catalog:CLO:EBIRD:OBS998016754	Animalia	Chordata	Aves	Galliformes	Phasianidae	Gallus	Gallus gallus		SPECIES	Gallus gallus (Linnaeus, 1758)	Gallus gallus		BD	Chittagong University Campus (Chattogram)	Chittagong bibhag	PRESENT	1	e2e717bf-551a-4917-bdc9-4fa0f342c530	22.460619	91.788895							2020-10-17	17	10	2020	9326020	9326020	HUMAN_OBSERVATION	CLO	EBIRD	OBS998016754				CC_BY_4_0		obsr1911156			2024-04-17T08:31:57.020Z		CONTINENT_DERIVED_FROM_COORDINATES;TAXON_MATCH_TAXON_CONCEPT_ID_IGNORED
3256853778	4fa7b334-ce0d-4e88-aaae-2e0c138d049e	URN:catalog:CLO:EBIRD:OBS868525354	Animalia	Chordata	Aves	Galliformes	Phasianidae	Gallus	Gallus gallus		SPECIES	Gallus gallus (Linnaeus, 1758)	Gallus gallus		BD	Sundarbans--Kotka	Khulna bibhag	PRESENT	5	e2e717bf-551a-4917-bdc9-4fa0f342c530	21.854488	89.77023							2020-02-19	19	2	2020	9326020	9326020	HUMAN_OBSERVATION	CLO	EBIRD	OBS868525354				CC_BY_4_0		obsr227728			2024-04-17T08:30:50.526Z		CONTINENT_DERIVED_FROM_COORDINATES;TAXON_MATCH_TAXON_CONCEPT_ID_IGNORED
3254770718	4fa7b334-ce0d-4e88-aaae-2e0c138d049e	URN:catalog:CLO:EBIRD:OBS998232772	Animalia	Chordata	Aves	Galliformes	Phasianidae	Gallus	Gallus gallus		SPECIES	Gallus gallus (Linnaeus, 1758)	Gallus gallus		BD	Satchari NP	Sylhet bibhag	PRESENT	2	e2e717bf-551a-4917-bdc9-4fa0f342c530	24.125654	91.446106							2020-10-18	18	10	2020	9326020	9326020	HUMAN_OBSERVATION	CLO	EBIRD	OBS998232772				CC_BY_4_0		obsr1920837			2024-04-17T08:54:32.090Z		CONTINENT_DERIVED_FROM_COORDINATES;TAXON_MATCH_TAXON_CONCEPT_ID_IGNORED
3254275399	4fa7b334-ce0d-4e88-aaae-2e0c138d049e	URN:catalog:CLO:EBIRD:OBS1004502437	Animalia	Chordata	Aves	Galliformes	Phasianidae	Gallus	Gallus gallus		SPECIES	Gallus gallus (Linnaeus, 1758)	Gallus gallus		BD	Adampur - Rajkandi Reserve Forest	Sylhet bibhag	PRESENT	2	e2e717bf-551a-4917-bdc9-4fa0f342c530	24.22929	91.913895							2020-10-17	17	10	2020	9326020	9326020	HUMAN_OBSERVATION	CLO	EBIRD	OBS1004502437				CC_BY_4_0		obsr1111166			2024-04-17T08:56:29.953Z		CONTINENT_DERIVED_FROM_COORDINATES;TAXON_MATCH_TAXON_CONCEPT_ID_IGNORED
3250373535	4fa7b334-ce0d-4e88-aaae-2e0c138d049e	URN:catalog:CLO:EBIRD:OBS856985564	Animalia	Chordata	Aves	Galliformes	Phasianidae	Gallus	Gallus gallus		SPECIES	Gallus gallus (Linnaeus, 1758)	Gallus gallus		BD	Satchari NP	Sylhet bibhag	PRESENT	2	e2e717bf-551a-4917-bdc9-4fa0f342c530	24.125654	91.446106							2020-01-28	28	1	2020	9326020	9326020	HUMAN_OBSERVATION	CLO	EBIRD	OBS856985564				CC_BY_4_0		obsr1286330			2024-04-17T08:51:14.033Z		CONTINENT_DERIVED_FROM_COORDINATES;TAXON_MATCH_TAXON_CONCEPT_ID_IGNORED
3237482405	4fa7b334-ce0d-4e88-aaae-2e0c138d049e	URN:catalog:CLO:EBIRD:OBS877357563	Animalia	Chordata	Aves	Galliformes	Phasianidae	Gallus	Gallus gallus		SPECIES	Gallus gallus (Linnaeus, 1758)	Gallus gallus		BD	Satchari NP	Sylhet bibhag	PRESENT	1	e2e717bf-551a-4917-bdc9-4fa0f342c530	24.125654	91.446106							2020-02-16	16	2	2020	9326020	9326020	HUMAN_OBSERVATION	CLO	EBIRD	OBS877357563				CC_BY_4_0		obsr1386155			2024-04-17T09:57:54.229Z		CONTINENT_DERIVED_FROM_COORDINATES;TAXON_MATCH_TAXON_CONCEPT_ID_IGNORED
3234535931	4fa7b334-ce0d-4e88-aaae-2e0c138d049e	URN:catalog:CLO:EBIRD:OBS860020177	Animalia	Chordata	Aves	Galliformes	Phasianidae	Gallus	Gallus gallus		SPECIES	Gallus gallus (Linnaeus, 1758)	Gallus gallus		BD	Sundarbans--Kotka	Khulna bibhag	PRESENT	2	e2e717bf-551a-4917-bdc9-4fa0f342c530	21.854488	89.77023							2020-01-28	28	1	2020	9326020	9326020	HUMAN_OBSERVATION	CLO	EBIRD	OBS860020177				CC_BY_4_0		obsr1294717			2024-04-17T09:16:03.013Z		CONTINENT_DERIVED_FROM_COORDINATES;TAXON_MATCH_TAXON_CONCEPT_ID_IGNORED
3225503848	4fa7b334-ce0d-4e88-aaae-2e0c138d049e	URN:catalog:CLO:EBIRD:OBS877944185	Animalia	Chordata	Aves	Galliformes	Phasianidae	Gallus	Gallus gallus		SPECIES	Gallus gallus (Linnaeus, 1758)	Gallus gallus		BD	Satchari NP	Sylhet bibhag	PRESENT	4	e2e717bf-551a-4917-bdc9-4fa0f342c530	24.125654	91.446106							2020-03-12	12	3	2020	9326020	9326020	HUMAN_OBSERVATION	CLO	EBIRD	OBS877944185				CC_BY_4_0		obsr1289961			2024-04-17T09:56:54.941Z		CONTINENT_DERIVED_FROM_COORDINATES;TAXON_MATCH_TAXON_CONCEPT_ID_IGNORED
3223185004	4fa7b334-ce0d-4e88-aaae-2e0c138d049e	URN:catalog:CLO:EBIRD:OBS852028593	Animalia	Chordata	Aves	Galliformes	Phasianidae	Gallus	Gallus gallus		SPECIES	Gallus gallus (Linnaeus, 1758)	Gallus gallus		BD	Sundarbans--Kotka	Khulna bibhag	PRESENT	5	e2e717bf-551a-4917-bdc9-4fa0f342c530	21.854488	89.77023							2020-01-15	15	1	2020	9326020	9326020	HUMAN_OBSERVATION	CLO	EBIRD	OBS852028593				CC_BY_4_0		obsr1290831			2024-04-17T09:16:51.697Z		CONTINENT_DERIVED_FROM_COORDINATES;TAXON_MATCH_TAXON_CONCEPT_ID_IGNORED
3220589976	4fa7b334-ce0d-4e88-aaae-2e0c138d049e	URN:catalog:CLO:EBIRD:OBS877952927	Animalia	Chordata	Aves	Galliformes	Phasianidae	Gallus	Gallus gallus		SPECIES	Gallus gallus (Linnaeus, 1758)	Gallus gallus		BD	Satchari NP	Sylhet bibhag	PRESENT	10	e2e717bf-551a-4917-bdc9-4fa0f342c530	24.125654	91.446106							2020-03-13	13	3	2020	9326020	9326020	HUMAN_OBSERVATION	CLO	EBIRD	OBS877952927				CC_BY_4_0		obsr1289961			2024-04-17T09:13:44.788Z		CONTINENT_DERIVED_FROM_COORDINATES;TAXON_MATCH_TAXON_CONCEPT_ID_IGNORED
3220193118	4fa7b334-ce0d-4e88-aaae-2e0c138d049e	URN:catalog:CLO:EBIRD:OBS866010989	Animalia	Chordata	Aves	Galliformes	Phasianidae	Gallus	Gallus gallus		SPECIES	Gallus gallus (Linnaeus, 1758)	Gallus gallus		BD	Lawachara NP	Sylhet bibhag	PRESENT	1	e2e717bf-551a-4917-bdc9-4fa0f342c530	24.341389	91.79768							2020-02-17	17	2	2020	9326020	9326020	HUMAN_OBSERVATION	CLO	EBIRD	OBS866010989				CC_BY_4_0		obsr1111166			2024-04-17T08:30:41.130Z		CONTINENT_DERIVED_FROM_COORDINATES;TAXON_MATCH_TAXON_CONCEPT_ID_IGNORED
3219722586	4fa7b334-ce0d-4e88-aaae-2e0c138d049e	URN:catalog:CLO:EBIRD:OBS868526410	Animalia	Chordata	Aves	Galliformes	Phasianidae	Gallus	Gallus gallus		SPECIES	Gallus gallus (Linnaeus, 1758)	Gallus gallus		BD	Sundarbans Khulna Division, BD (21,857, 89,776)	Khulna bibhag	PRESENT	2	e2e717bf-551a-4917-bdc9-4fa0f342c530	21.856556	89.77593							2020-02-19	19	2	2020	9326020	9326020	HUMAN_OBSERVATION	CLO	EBIRD	OBS868526410				CC_BY_4_0		obsr227728			2024-04-17T09:57:37.740Z		CONTINENT_DERIVED_FROM_COORDINATES;TAXON_MATCH_TAXON_CONCEPT_ID_IGNORED
3218367843	4fa7b334-ce0d-4e88-aaae-2e0c138d049e	URN:catalog:CLO:EBIRD:OBS852678191	Animalia	Chordata	Aves	Galliformes	Phasianidae	Ortygornis	Ortygornis pondicerianus		SPECIES	Ortygornis pondicerianus (J.F.Gmelin, 1789)	Ortygornis pondicerianus		BD	Rajshahi Division, BD (24.34, 88.534)	Rajshahi bibhag	PRESENT	3	e2e717bf-551a-4917-bdc9-4fa0f342c530	24.339958	88.533516							2020-01-18	18	1	2020	11273070	11273070	HUMAN_OBSERVATION	CLO	EBIRD	OBS852678191				CC_BY_4_0		obsr1290096			2024-04-17T09:57:36.172Z		CONTINENT_DERIVED_FROM_COORDINATES;TAXON_MATCH_TAXON_CONCEPT_ID_IGNORED
3217952780	4fa7b334-ce0d-4e88-aaae-2e0c138d049e	URN:catalog:CLO:EBIRD:OBS857992451	Animalia	Chordata	Aves	Galliformes	Phasianidae	Gallus	Gallus gallus		SPECIES	Gallus gallus (Linnaeus, 1758)	Gallus gallus		BD	Satchari NP	Sylhet bibhag	PRESENT	5	e2e717bf-551a-4917-bdc9-4fa0f342c530	24.125654	91.446106							2020-01-29	29	1	2020	9326020	9326020	HUMAN_OBSERVATION	CLO	EBIRD	OBS857992451				CC_BY_4_0		obsr1286330			2024-04-17T09:12:05.796Z		CONTINENT_DERIVED_FROM_COORDINATES;TAXON_MATCH_TAXON_CONCEPT_ID_IGNORED
3217391084	4fa7b334-ce0d-4e88-aaae-2e0c138d049e	URN:catalog:CLO:EBIRD:OBS860014371	Animalia	Chordata	Aves	Galliformes	Phasianidae	Gallus	Gallus gallus		SPECIES	Gallus gallus (Linnaeus, 1758)	Gallus gallus		BD	Sundarbans--Kotka	Khulna bibhag	PRESENT	2	e2e717bf-551a-4917-bdc9-4fa0f342c530	21.854488	89.77023							2020-01-28	28	1	2020	9326020	9326020	HUMAN_OBSERVATION	CLO	EBIRD	OBS860014371				CC_BY_4_0		obsr1050218			2024-04-17T09:13:42.429Z		CONTINENT_DERIVED_FROM_COORDINATES;TAXON_MATCH_TAXON_CONCEPT_ID_IGNORED
3217254847	4fa7b334-ce0d-4e88-aaae-2e0c138d049e	URN:catalog:CLO:EBIRD:OBS857189088	Animalia	Chordata	Aves	Galliformes	Phasianidae	Ortygornis	Ortygornis pondicerianus		SPECIES	Ortygornis pondicerianus (J.F.Gmelin, 1789)	Ortygornis pondicerianus		BD	Padma River & Chars (Rajshahi)	Rajshahi bibhag	PRESENT	2	e2e717bf-551a-4917-bdc9-4fa0f342c530	24.32766	88.642586							2020-01-26	26	1	2020	11273070	11273070	HUMAN_OBSERVATION	CLO	EBIRD	OBS857189088				CC_BY_4_0		obsr1386155			2024-04-17T08:52:41.666Z		CONTINENT_DERIVED_FROM_COORDINATES;TAXON_MATCH_TAXON_CONCEPT_ID_IGNORED
3213534218	4fa7b334-ce0d-4e88-aaae-2e0c138d049e	URN:catalog:CLO:EBIRD:OBS1014188435	Animalia	Chordata	Aves	Galliformes	Phasianidae	Lophura	Lophura leucomelanos		SPECIES	Lophura leucomelanos (Latham, 1790)	Lophura leucomelanos		BD	Hazarikhil Wildlife Sanctuary	Chittagong bibhag	PRESENT	1	e2e717bf-551a-4917-bdc9-4fa0f342c530	22.705353	91.768906							2020-11-20	20	11	2020	5227993	5227993	HUMAN_OBSERVATION	CLO	EBIRD	OBS1014188435				CC_BY_4_0		obsr1436918			2024-04-17T10:01:14.716Z		CONTINENT_DERIVED_FROM_COORDINATES;TAXON_MATCH_TAXON_CONCEPT_ID_IGNORED
3213222885	4fa7b334-ce0d-4e88-aaae-2e0c138d049e	URN:catalog:CLO:EBIRD:OBS1022124881	Animalia	Chordata	Aves	Galliformes	Phasianidae	Ortygornis	Ortygornis pondicerianus		SPECIES	Ortygornis pondicerianus (J.F.Gmelin, 1789)	Ortygornis pondicerianus		BD	Char Majhardiar	Rajshahi bibhag	PRESENT	1	e2e717bf-551a-4917-bdc9-4fa0f342c530	24.343727	88.52944							2020-12-02	2	12	2020	11273070	11273070	HUMAN_OBSERVATION	CLO	EBIRD	OBS1022124881				CC_BY_4_0		obsr1290096			2024-04-17T09:15:37.198Z		CONTINENT_DERIVED_FROM_COORDINATES;TAXON_MATCH_TAXON_CONCEPT_ID_IGNORED
3212292760	4fa7b334-ce0d-4e88-aaae-2e0c138d049e	URN:catalog:CLO:EBIRD:OBS1035412960	Animalia	Chordata	Aves	Galliformes	Phasianidae	Gallus	Gallus gallus		SPECIES	Gallus gallus (Linnaeus, 1758)	Gallus gallus		BD	Hazarikhil WS	Chittagong bibhag	PRESENT	1	e2e717bf-551a-4917-bdc9-4fa0f342c530	22.702156	91.68116							2020-12-25	25	12	2020	9326020	9326020	HUMAN_OBSERVATION	CLO	EBIRD	OBS1035412960				CC_BY_4_0		obsr1436918			2024-04-17T08:52:49.151Z		CONTINENT_DERIVED_FROM_COORDINATES;TAXON_MATCH_TAXON_CONCEPT_ID_IGNORED
3209886515	4fa7b334-ce0d-4e88-aaae-2e0c138d049e	URN:catalog:CLO:EBIRD:OBS1021630715	Animalia	Chordata	Aves	Galliformes	Phasianidae	Ortygornis	Ortygornis pondicerianus		SPECIES	Ortygornis pondicerianus (J.F.Gmelin, 1789)	Ortygornis pondicerianus		BD	Padma River & Chars (Rajshahi)	Rajshahi bibhag	PRESENT	3	e2e717bf-551a-4917-bdc9-4fa0f342c530	24.32766	88.642586							2020-11-30	30	11	2020	11273070	11273070	HUMAN_OBSERVATION	CLO	EBIRD	OBS1021630715				CC_BY_4_0		obsr1286330			2024-04-17T08:53:33.900Z		CONTINENT_DERIVED_FROM_COORDINATES;TAXON_MATCH_TAXON_CONCEPT_ID_IGNORED
3207426042	4fa7b334-ce0d-4e88-aaae-2e0c138d049e	URN:catalog:CLO:EBIRD:OBS1021051657	Animalia	Chordata	Aves	Galliformes	Phasianidae	Ortygornis	Ortygornis pondicerianus		SPECIES	Ortygornis pondicerianus (J.F.Gmelin, 1789)	Ortygornis pondicerianus		BD	Padma River & Chars (Rajshahi)	Rajshahi bibhag	PRESENT	2	e2e717bf-551a-4917-bdc9-4fa0f342c530	24.32766	88.642586							2020-11-29	29	11	2020	11273070	11273070	HUMAN_OBSERVATION	CLO	EBIRD	OBS1021051657				CC_BY_4_0		obsr1290096			2024-04-17T08:52:22.116Z		CONTINENT_DERIVED_FROM_COORDINATES;TAXON_MATCH_TAXON_CONCEPT_ID_IGNORED
3207302237	4fa7b334-ce0d-4e88-aaae-2e0c138d049e	URN:catalog:CLO:EBIRD:OBS1014188443	Animalia	Chordata	Aves	Galliformes	Phasianidae	Polyplectron	Polyplectron bicalcaratum		SPECIES	Polyplectron bicalcaratum (Linnaeus, 1758)	Polyplectron bicalcaratum		BD	Hazarikhil Wildlife Sanctuary	Chittagong bibhag	PRESENT	1	e2e717bf-551a-4917-bdc9-4fa0f342c530	22.705353	91.768906							2020-11-20	20	11	2020	2474079	2474079	HUMAN_OBSERVATION	CLO	EBIRD	OBS1014188443				CC_BY_4_0		obsr1436918			2024-04-17T08:32:21.663Z		CONTINENT_DERIVED_FROM_COORDINATES;TAXON_MATCH_TAXON_CONCEPT_ID_IGNORED
3207176337	4fa7b334-ce0d-4e88-aaae-2e0c138d049e	URN:catalog:CLO:EBIRD:OBS989180998	Animalia	Chordata	Aves	Galliformes	Phasianidae	Gallus	Gallus gallus		SPECIES	Gallus gallus (Linnaeus, 1758)	Gallus gallus		BD	Satchari NP	Sylhet bibhag	PRESENT	2	e2e717bf-551a-4917-bdc9-4fa0f342c530	24.125654	91.446106							2020-10-01	1	10	2020	9326020	9326020	HUMAN_OBSERVATION	CLO	EBIRD	OBS989180998				CC_BY_4_0		obsr1268033			2024-04-17T09:59:13.904Z		CONTINENT_DERIVED_FROM_COORDINATES;TAXON_MATCH_TAXON_CONCEPT_ID_IGNORED
3202529549	4fa7b334-ce0d-4e88-aaae-2e0c138d049e	URN:catalog:CLO:EBIRD:OBS1018459436	Animalia	Chordata	Aves	Galliformes	Phasianidae	Gallus	Gallus gallus		SPECIES	Gallus gallus (Linnaeus, 1758)	Gallus gallus		BD	Suabil Fatickchari Chattogram	Chittagong bibhag	PRESENT	1	e2e717bf-551a-4917-bdc9-4fa0f342c530	22.656576	91.75313							2020-11-27	27	11	2020	9326020	9326020	HUMAN_OBSERVATION	CLO	EBIRD	OBS1018459436				CC_BY_4_0		obsr1436918			2024-04-17T09:19:57.188Z		CONTINENT_DERIVED_FROM_COORDINATES;TAXON_MATCH_TAXON_CONCEPT_ID_IGNORED
3202350822	4fa7b334-ce0d-4e88-aaae-2e0c138d049e	URN:catalog:CLO:EBIRD:OBS1024008343	Animalia	Chordata	Aves	Galliformes	Phasianidae	Ortygornis	Ortygornis pondicerianus		SPECIES	Ortygornis pondicerianus (J.F.Gmelin, 1789)	Ortygornis pondicerianus		BD	Padma River & Chars (Rajshahi)	Rajshahi bibhag	PRESENT	3	e2e717bf-551a-4917-bdc9-4fa0f342c530	24.32766	88.642586							2020-12-03	3	12	2020	11273070	11273070	HUMAN_OBSERVATION	CLO	EBIRD	OBS1024008343				CC_BY_4_0		obsr1289956			2024-04-17T08:53:20.425Z		CONTINENT_DERIVED_FROM_COORDINATES;TAXON_MATCH_TAXON_CONCEPT_ID_IGNORED
3200110452	4fa7b334-ce0d-4e88-aaae-2e0c138d049e	URN:catalog:CLO:EBIRD:OBS1087107093	Animalia	Chordata	Aves	Galliformes	Phasianidae	Gallus	Gallus gallus		SPECIES	Gallus gallus (Linnaeus, 1758)	Gallus gallus		BD	Satchari NP	Sylhet bibhag	PRESENT	2	e2e717bf-551a-4917-bdc9-4fa0f342c530	24.125654	91.446106							2020-10-13	13	10	2020	9326020	9326020	HUMAN_OBSERVATION	CLO	EBIRD	OBS1087107093				CC_BY_4_0		obsr1111166			2024-04-17T09:20:25.652Z		CONTINENT_DERIVED_FROM_COORDINATES;TAXON_MATCH_TAXON_CONCEPT_ID_IGNORED
3197431829	4fa7b334-ce0d-4e88-aaae-2e0c138d049e	URN:catalog:CLO:EBIRD:OBS1021051695	Animalia	Chordata	Aves	Galliformes	Phasianidae	Coturnix	Coturnix coromandelica		SPECIES	Coturnix coromandelica (J.F.Gmelin, 1789)	Coturnix coromandelica		BD	Padma River & Chars (Rajshahi)	Rajshahi bibhag	PRESENT	2	e2e717bf-551a-4917-bdc9-4fa0f342c530	24.32766	88.642586							2020-11-29	29	11	2020	2474163	2474163	HUMAN_OBSERVATION	CLO	EBIRD	OBS1021051695				CC_BY_4_0		obsr1290096			2024-04-17T08:54:23.289Z		CONTINENT_DERIVED_FROM_COORDINATES;TAXON_MATCH_TAXON_CONCEPT_ID_IGNORED
3197063292	4fa7b334-ce0d-4e88-aaae-2e0c138d049e	URN:catalog:CLO:EBIRD:OBS1021102462	Animalia	Chordata	Aves	Galliformes	Phasianidae	Ortygornis	Ortygornis pondicerianus		SPECIES	Ortygornis pondicerianus (J.F.Gmelin, 1789)	Ortygornis pondicerianus		BD	Padma River & Chars (Rajshahi)	Rajshahi bibhag	PRESENT	3	e2e717bf-551a-4917-bdc9-4fa0f342c530	24.32766	88.642586							2020-11-30	30	11	2020	11273070	11273070	HUMAN_OBSERVATION	CLO	EBIRD	OBS1021102462				CC_BY_4_0		obsr1290081			2024-04-17T08:52:35.277Z		CONTINENT_DERIVED_FROM_COORDINATES;TAXON_MATCH_TAXON_CONCEPT_ID_IGNORED
3195948431	4fa7b334-ce0d-4e88-aaae-2e0c138d049e	URN:catalog:CLO:EBIRD:OBS995200033	Animalia	Chordata	Aves	Galliformes	Phasianidae	Gallus	Gallus gallus		SPECIES	Gallus gallus (Linnaeus, 1758)	Gallus gallus		BD	Satchari NP	Sylhet bibhag	PRESENT	2	e2e717bf-551a-4917-bdc9-4fa0f342c530	24.125654	91.446106							2020-10-13	13	10	2020	9326020	9326020	HUMAN_OBSERVATION	CLO	EBIRD	OBS995200033				CC_BY_4_0		obsr931294			2024-04-17T08:33:19.061Z		CONTINENT_DERIVED_FROM_COORDINATES;TAXON_MATCH_TAXON_CONCEPT_ID_IGNORED
3194984671	4fa7b334-ce0d-4e88-aaae-2e0c138d049e	URN:catalog:CLO:EBIRD:OBS1013547161	Animalia	Chordata	Aves	Galliformes	Phasianidae	Ortygornis	Ortygornis pondicerianus		SPECIES	Ortygornis pondicerianus (J.F.Gmelin, 1789)	Ortygornis pondicerianus		BD	Padma River & Chars (Rajshahi)	Rajshahi bibhag	PRESENT	1	e2e717bf-551a-4917-bdc9-4fa0f342c530	24.32766	88.642586							2020-11-19	19	11	2020	11273070	11273070	HUMAN_OBSERVATION	CLO	EBIRD	OBS1013547161				CC_BY_4_0		obsr1289956			2024-04-17T09:18:52.632Z		CONTINENT_DERIVED_FROM_COORDINATES;TAXON_MATCH_TAXON_CONCEPT_ID_IGNORED
3194466636	4fa7b334-ce0d-4e88-aaae-2e0c138d049e	URN:catalog:CLO:EBIRD:OBS998966010	Animalia	Chordata	Aves	Galliformes	Phasianidae	Gallus	Gallus gallus		SPECIES	Gallus gallus (Linnaeus, 1758)	Gallus gallus		BD	Satchari NP	Sylhet bibhag	PRESENT	2	e2e717bf-551a-4917-bdc9-4fa0f342c530	24.125654	91.446106							2020-10-10	10	10	2020	9326020	9326020	HUMAN_OBSERVATION	CLO	EBIRD	OBS998966010				CC_BY_4_0		obsr1393006			2024-04-17T08:53:07.505Z		CONTINENT_DERIVED_FROM_COORDINATES;TAXON_MATCH_TAXON_CONCEPT_ID_IGNORED
3192073104	4fa7b334-ce0d-4e88-aaae-2e0c138d049e	URN:catalog:CLO:EBIRD:OBS997209005	Animalia	Chordata	Aves	Galliformes	Phasianidae	Ortygornis	Ortygornis pondicerianus		SPECIES	Ortygornis pondicerianus (J.F.Gmelin, 1789)	Ortygornis pondicerianus		BD	Padma River & Chars (Rajshahi)	Rajshahi bibhag	PRESENT	8	e2e717bf-551a-4917-bdc9-4fa0f342c530	24.32766	88.642586							2020-10-17	17	10	2020	11273070	11273070	HUMAN_OBSERVATION	CLO	EBIRD	OBS997209005				CC_BY_4_0		obsr1911156			2024-04-17T08:33:30.899Z		CONTINENT_DERIVED_FROM_COORDINATES;TAXON_MATCH_TAXON_CONCEPT_ID_IGNORED
3191402611	4fa7b334-ce0d-4e88-aaae-2e0c138d049e	URN:catalog:CLO:EBIRD:OBS1007463730	Animalia	Chordata	Aves	Galliformes	Phasianidae	Gallus	Gallus gallus		SPECIES	Gallus gallus (Linnaeus, 1758)	Gallus gallus		BD	Sundarbans--Kotka	Khulna bibhag	PRESENT	1	e2e717bf-551a-4917-bdc9-4fa0f342c530	21.854488	89.77023							2020-11-03	3	11	2020	9326020	9326020	HUMAN_OBSERVATION	CLO	EBIRD	OBS1007463730				CC_BY_4_0		obsr1289957			2024-04-17T10:01:19.505Z		CONTINENT_DERIVED_FROM_COORDINATES;TAXON_MATCH_TAXON_CONCEPT_ID_IGNORED
3190905329	4fa7b334-ce0d-4e88-aaae-2e0c138d049e	URN:catalog:CLO:EBIRD:OBS1002754579	Animalia	Chordata	Aves	Galliformes	Phasianidae	Lophura	Lophura leucomelanos		SPECIES	Lophura leucomelanos (Latham, 1790)	Lophura leucomelanos		BD	Hazarikhil Wildlife Sanctuary	Chittagong bibhag	PRESENT	1	e2e717bf-551a-4917-bdc9-4fa0f342c530	22.705353	91.768906							2020-10-26	26	10	2020	5227993	5227993	HUMAN_OBSERVATION	CLO	EBIRD	OBS1002754579				CC_BY_4_0		obsr1436918			2024-04-17T10:00:42.911Z		CONTINENT_DERIVED_FROM_COORDINATES;TAXON_MATCH_TAXON_CONCEPT_ID_IGNORED
3190499317	4fa7b334-ce0d-4e88-aaae-2e0c138d049e	URN:catalog:CLO:EBIRD:OBS997459023	Animalia	Chordata	Aves	Galliformes	Phasianidae	Gallus	Gallus gallus		SPECIES	Gallus gallus (Linnaeus, 1758)	Gallus gallus		BD	Chittagong University Campus (Chattogram)	Chittagong bibhag	PRESENT	1	e2e717bf-551a-4917-bdc9-4fa0f342c530	22.460619	91.788895							2020-10-17	17	10	2020	9326020	9326020	HUMAN_OBSERVATION	CLO	EBIRD	OBS997459023				CC_BY_4_0		obsr1938921			2024-04-17T08:53:00.126Z		CONTINENT_DERIVED_FROM_COORDINATES;TAXON_MATCH_TAXON_CONCEPT_ID_IGNORED
3189721889	4fa7b334-ce0d-4e88-aaae-2e0c138d049e	URN:catalog:CLO:EBIRD:OBS961171447	Animalia	Chordata	Aves	Galliformes	Phasianidae	Coturnix	Coturnix coromandelica		SPECIES	Coturnix coromandelica (J.F.Gmelin, 1789)	Coturnix coromandelica		BD	Char near Aricha	Dhaka bibhag	PRESENT	3	e2e717bf-551a-4917-bdc9-4fa0f342c530	23.820286	89.75778							2000-12-01	1	12	2000	2474163	2474163	HUMAN_OBSERVATION	CLO	EBIRD	OBS961171447				CC_BY_4_0		obsr1451881			2024-04-17T09:57:51.324Z		CONTINENT_DERIVED_FROM_COORDINATES;TAXON_MATCH_TAXON_CONCEPT_ID_IGNORED
3182661771	4fa7b334-ce0d-4e88-aaae-2e0c138d049e	URN:catalog:CLO:EBIRD:OBS996955642	Animalia	Chordata	Aves	Galliformes	Phasianidae	Gallus	Gallus gallus		SPECIES	Gallus gallus (Linnaeus, 1758)	Gallus gallus		BD	Adampur - Rajkandi Reserve Forest	Sylhet bibhag	PRESENT	2	e2e717bf-551a-4917-bdc9-4fa0f342c530	24.22929	91.913895							2020-10-17	17	10	2020	9326020	9326020	HUMAN_OBSERVATION	CLO	EBIRD	OBS996955642				CC_BY_4_0		obsr931294			2024-04-17T09:01:30.245Z		CONTINENT_DERIVED_FROM_COORDINATES;TAXON_MATCH_TAXON_CONCEPT_ID_IGNORED
3153196013	4fa7b334-ce0d-4e88-aaae-2e0c138d049e	URN:catalog:CLO:EBIRD:OBS882933451	Animalia	Chordata	Aves	Galliformes	Phasianidae	Gallus	Gallus gallus		SPECIES	Gallus gallus (Linnaeus, 1758)	Gallus gallus		BD	Satchari NP	Sylhet bibhag	PRESENT	5	e2e717bf-551a-4917-bdc9-4fa0f342c530	24.125654	91.446106							2020-01-28	28	1	2020	9326020	9326020	HUMAN_OBSERVATION	CLO	EBIRD	OBS882933451				CC_BY_4_0		obsr1308293			2024-04-17T09:57:14.569Z		CONTINENT_DERIVED_FROM_COORDINATES;TAXON_MATCH_TAXON_CONCEPT_ID_IGNORED
3150604217	4fa7b334-ce0d-4e88-aaae-2e0c138d049e	URN:catalog:CLO:EBIRD:OBS866010969	Animalia	Chordata	Aves	Galliformes	Phasianidae	Gallus	Gallus gallus		SPECIES	Gallus gallus (Linnaeus, 1758)	Gallus gallus		BD	Lawachara NP	Sylhet bibhag	PRESENT	1	e2e717bf-551a-4917-bdc9-4fa0f342c530	24.341389	91.79768							2020-02-17	17	2	2020	9326020	9326020	HUMAN_OBSERVATION	CLO	EBIRD	OBS866010969				CC_BY_4_0		obsr931294			2024-04-17T08:30:25.469Z		CONTINENT_DERIVED_FROM_COORDINATES;TAXON_MATCH_TAXON_CONCEPT_ID_IGNORED
3146090834	4fa7b334-ce0d-4e88-aaae-2e0c138d049e	URN:catalog:CLO:EBIRD:OBS857992138	Animalia	Chordata	Aves	Galliformes	Phasianidae	Gallus	Gallus gallus		SPECIES	Gallus gallus (Linnaeus, 1758)	Gallus gallus		BD	Satchari NP	Sylhet bibhag	PRESENT	5	e2e717bf-551a-4917-bdc9-4fa0f342c530	24.125654	91.446106							2020-01-28	28	1	2020	9326020	9326020	HUMAN_OBSERVATION	CLO	EBIRD	OBS857992138				CC_BY_4_0		obsr1286330			2024-04-17T09:15:39.883Z		CONTINENT_DERIVED_FROM_COORDINATES;TAXON_MATCH_TAXON_CONCEPT_ID_IGNORED
3145639217	4fa7b334-ce0d-4e88-aaae-2e0c138d049e	URN:catalog:CLO:EBIRD:OBS866010601	Animalia	Chordata	Aves	Galliformes	Phasianidae	Gallus	Gallus gallus		SPECIES	Gallus gallus (Linnaeus, 1758)	Gallus gallus		BD	Lawachara NP	Sylhet bibhag	PRESENT	1	e2e717bf-551a-4917-bdc9-4fa0f342c530	24.341389	91.79768							2020-02-17	17	2	2020	9326020	9326020	HUMAN_OBSERVATION	CLO	EBIRD	OBS866010601				CC_BY_4_0		obsr1111166			2024-04-17T08:33:53.301Z		CONTINENT_DERIVED_FROM_COORDINATES;TAXON_MATCH_TAXON_CONCEPT_ID_IGNORED
3144250709	4fa7b334-ce0d-4e88-aaae-2e0c138d049e	URN:catalog:CLO:EBIRD:OBS862343185	Animalia	Chordata	Aves	Galliformes	Phasianidae	Francolinus	Francolinus francolinus		SPECIES	Francolinus francolinus (Linnaeus, 1766)	Francolinus francolinus		BD	Chorai Beel - Rohonpur  (Chapai Nawabgonj)	Rajshahi bibhag	PRESENT	1	e2e717bf-551a-4917-bdc9-4fa0f342c530	24.870546	88.30227							2020-02-10	10	2	2020	5227919	5227919	HUMAN_OBSERVATION	CLO	EBIRD	OBS862343185				CC_BY_4_0		obsr820065			2024-04-17T08:53:07.060Z		CONTINENT_DERIVED_FROM_COORDINATES;TAXON_MATCH_TAXON_CONCEPT_ID_IGNORED
3144142812	4fa7b334-ce0d-4e88-aaae-2e0c138d049e	URN:catalog:CLO:EBIRD:OBS857190426	Animalia	Chordata	Aves	Galliformes	Phasianidae	Ortygornis	Ortygornis pondicerianus		SPECIES	Ortygornis pondicerianus (J.F.Gmelin, 1789)	Ortygornis pondicerianus		BD	Padma River & Chars (Rajshahi)	Rajshahi bibhag	PRESENT	2	e2e717bf-551a-4917-bdc9-4fa0f342c530	24.32766	88.642586							2020-01-24	24	1	2020	11273070	11273070	HUMAN_OBSERVATION	CLO	EBIRD	OBS857190426				CC_BY_4_0		obsr1386155			2024-04-17T08:52:52.087Z		CONTINENT_DERIVED_FROM_COORDINATES;TAXON_MATCH_TAXON_CONCEPT_ID_IGNORED
3143949147	4fa7b334-ce0d-4e88-aaae-2e0c138d049e	URN:catalog:CLO:EBIRD:OBS868094497	Animalia	Chordata	Aves	Galliformes	Phasianidae	Gallus	Gallus gallus		SPECIES	Gallus gallus (Linnaeus, 1758)	Gallus gallus		BD	Satchari NP	Sylhet bibhag	PRESENT	1	e2e717bf-551a-4917-bdc9-4fa0f342c530	24.125654	91.446106							2020-02-21	21	2	2020	9326020	9326020	HUMAN_OBSERVATION	CLO	EBIRD	OBS868094497				CC_BY_4_0		obsr1289961			2024-04-17T08:31:06.759Z		CONTINENT_DERIVED_FROM_COORDINATES;TAXON_MATCH_TAXON_CONCEPT_ID_IGNORED
3141174050	4fa7b334-ce0d-4e88-aaae-2e0c138d049e	URN:catalog:CLO:EBIRD:OBS888339505	Animalia	Chordata	Aves	Galliformes	Phasianidae	Gallus	Gallus gallus		SPECIES	Gallus gallus (Linnaeus, 1758)	Gallus gallus		BD	Lawachara NP	Sylhet bibhag	PRESENT	1	e2e717bf-551a-4917-bdc9-4fa0f342c530	24.341389	91.79768							2020-03-20	20	3	2020	9326020	9326020	HUMAN_OBSERVATION	CLO	EBIRD	OBS888339505				CC_BY_4_0		obsr935233			2024-04-17T09:13:22.374Z		CONTINENT_DERIVED_FROM_COORDINATES;TAXON_MATCH_TAXON_CONCEPT_ID_IGNORED
3141115280	4fa7b334-ce0d-4e88-aaae-2e0c138d049e	URN:catalog:CLO:EBIRD:OBS886132330	Animalia	Chordata	Aves	Galliformes	Phasianidae	Ortygornis	Ortygornis pondicerianus		SPECIES	Ortygornis pondicerianus (J.F.Gmelin, 1789)	Ortygornis pondicerianus		BD	Padma River & Chars (Rajshahi)	Rajshahi bibhag	PRESENT	3	e2e717bf-551a-4917-bdc9-4fa0f342c530	24.32766	88.642586							2020-01-24	24	1	2020	11273070	11273070	HUMAN_OBSERVATION	CLO	EBIRD	OBS886132330				CC_BY_4_0		obsr1290096			2024-04-17T09:15:27.377Z		CONTINENT_DERIVED_FROM_COORDINATES;TAXON_MATCH_TAXON_CONCEPT_ID_IGNORED
3140524372	4fa7b334-ce0d-4e88-aaae-2e0c138d049e	URN:catalog:CLO:EBIRD:OBS866010591	Animalia	Chordata	Aves	Galliformes	Phasianidae	Gallus	Gallus gallus		SPECIES	Gallus gallus (Linnaeus, 1758)	Gallus gallus		BD	Lawachara NP	Sylhet bibhag	PRESENT	1	e2e717bf-551a-4917-bdc9-4fa0f342c530	24.341389	91.79768							2020-02-17	17	2	2020	9326020	9326020	HUMAN_OBSERVATION	CLO	EBIRD	OBS866010591				CC_BY_4_0		obsr931294			2024-04-17T08:32:00.606Z		CONTINENT_DERIVED_FROM_COORDINATES;TAXON_MATCH_TAXON_CONCEPT_ID_IGNORED
3137711489	4fa7b334-ce0d-4e88-aaae-2e0c138d049e	URN:catalog:CLO:EBIRD:OBS870203847	Animalia	Chordata	Aves	Galliformes	Phasianidae	Gallus	Gallus gallus		SPECIES	Gallus gallus (Linnaeus, 1758)	Gallus gallus		BD	Satchari NP	Sylhet bibhag	PRESENT	1	e2e717bf-551a-4917-bdc9-4fa0f342c530	24.125654	91.446106							2020-02-17	17	2	2020	9326020	9326020	HUMAN_OBSERVATION	CLO	EBIRD	OBS870203847				CC_BY_4_0		obsr540530			2024-04-17T08:52:52.583Z		CONTINENT_DERIVED_FROM_COORDINATES;TAXON_MATCH_TAXON_CONCEPT_ID_IGNORED
3137179813	4fa7b334-ce0d-4e88-aaae-2e0c138d049e	URN:catalog:CLO:EBIRD:OBS857992429	Animalia	Chordata	Aves	Galliformes	Phasianidae	Lophura	Lophura leucomelanos		SPECIES	Lophura leucomelanos (Latham, 1790)	Lophura leucomelanos		BD	Satchari NP	Sylhet bibhag	PRESENT	1	e2e717bf-551a-4917-bdc9-4fa0f342c530	24.125654	91.446106							2020-01-29	29	1	2020	5227993	5227993	HUMAN_OBSERVATION	CLO	EBIRD	OBS857992429				CC_BY_4_0		obsr1286330			2024-04-17T08:54:32.445Z		CONTINENT_DERIVED_FROM_COORDINATES;TAXON_MATCH_TAXON_CONCEPT_ID_IGNORED
3135772982	4fa7b334-ce0d-4e88-aaae-2e0c138d049e	URN:catalog:CLO:EBIRD:OBS870636160	Animalia	Chordata	Aves	Galliformes	Phasianidae	Ortygornis	Ortygornis pondicerianus		SPECIES	Ortygornis pondicerianus (J.F.Gmelin, 1789)	Ortygornis pondicerianus		BD	Padma River & Chars (Rajshahi)	Rajshahi bibhag	PRESENT	2	e2e717bf-551a-4917-bdc9-4fa0f342c530	24.32766	88.642586							2020-01-26	26	1	2020	11273070	11273070	HUMAN_OBSERVATION	CLO	EBIRD	OBS870636160				CC_BY_4_0		obsr1501511			2024-04-17T09:13:43.715Z		CONTINENT_DERIVED_FROM_COORDINATES;TAXON_MATCH_TAXON_CONCEPT_ID_IGNORED
3135713601	4fa7b334-ce0d-4e88-aaae-2e0c138d049e	URN:catalog:CLO:EBIRD:OBS868525711	Animalia	Chordata	Aves	Galliformes	Phasianidae	Gallus	Gallus gallus		SPECIES	Gallus gallus (Linnaeus, 1758)	Gallus gallus		BD	Sundarbans--Sundari Khal (East)	Khulna bibhag	PRESENT	1	e2e717bf-551a-4917-bdc9-4fa0f342c530	21.917465	89.74357							2020-02-20	20	2	2020	9326020	9326020	HUMAN_OBSERVATION	CLO	EBIRD	OBS868525711				CC_BY_4_0		obsr227728			2024-04-17T08:30:11.115Z		CONTINENT_DERIVED_FROM_COORDINATES;TAXON_MATCH_TAXON_CONCEPT_ID_IGNORED
3135121331	4fa7b334-ce0d-4e88-aaae-2e0c138d049e	URN:catalog:CLO:EBIRD:OBS866116128	Animalia	Chordata	Aves	Galliformes	Phasianidae	Gallus	Gallus gallus		SPECIES	Gallus gallus (Linnaeus, 1758)	Gallus gallus		BD	Satchari NP	Sylhet bibhag	PRESENT	1	e2e717bf-551a-4917-bdc9-4fa0f342c530	24.125654	91.446106							2020-02-17	17	2	2020	9326020	9326020	HUMAN_OBSERVATION	CLO	EBIRD	OBS866116128				CC_BY_4_0		obsr1393006			2024-04-17T09:12:46.035Z		CONTINENT_DERIVED_FROM_COORDINATES;TAXON_MATCH_TAXON_CONCEPT_ID_IGNORED
3135014755	4fa7b334-ce0d-4e88-aaae-2e0c138d049e	URN:catalog:CLO:EBIRD:OBS860625093	Animalia	Chordata	Aves	Galliformes	Phasianidae	Ortygornis	Ortygornis pondicerianus		SPECIES	Ortygornis pondicerianus (J.F.Gmelin, 1789)	Ortygornis pondicerianus		BD	Padma River & Chars (Rajshahi)	Rajshahi bibhag	PRESENT	2	e2e717bf-551a-4917-bdc9-4fa0f342c530	24.32766	88.642586							2020-01-26	26	1	2020	11273070	11273070	HUMAN_OBSERVATION	CLO	EBIRD	OBS860625093				CC_BY_4_0		obsr1291610			2024-04-17T08:29:59.504Z		CONTINENT_DERIVED_FROM_COORDINATES;TAXON_MATCH_TAXON_CONCEPT_ID_IGNORED
3132478390	4fa7b334-ce0d-4e88-aaae-2e0c138d049e	URN:catalog:CLO:EBIRD:OBS846489675	Animalia	Chordata	Aves	Galliformes	Phasianidae	Ortygornis	Ortygornis pondicerianus		SPECIES	Ortygornis pondicerianus (J.F.Gmelin, 1789)	Ortygornis pondicerianus		BD	Rajshahi Division, BD (24.36, 88.562)	Rajshahi bibhag	PRESENT	3	e2e717bf-551a-4917-bdc9-4fa0f342c530	24.359844	88.562195							2020-01-03	3	1	2020	11273070	11273070	HUMAN_OBSERVATION	CLO	EBIRD	OBS846489675				CC_BY_4_0		obsr1290096			2024-04-17T08:51:59.250Z		CONTINENT_DERIVED_FROM_COORDINATES;TAXON_MATCH_TAXON_CONCEPT_ID_IGNORED
2787695384	4fa7b334-ce0d-4e88-aaae-2e0c138d049e	URN:catalog:CLO:EBIRD:OBS891534790	Animalia	Chordata	Aves	Galliformes	Phasianidae	Gallus	Gallus gallus		SPECIES	Gallus gallus (Linnaeus, 1758)	Gallus gallus		BD	Chunati WS	Chittagong bibhag	PRESENT	1	e2e717bf-551a-4917-bdc9-4fa0f342c530	21.899445	92.123795							2010-03-08	8	3	2010	9326020	9326020	HUMAN_OBSERVATION	CLO	EBIRD	OBS891534790				CC_BY_4_0		obsr522154			2024-04-17T09:15:41.897Z		CONTINENT_DERIVED_FROM_COORDINATES;TAXON_MATCH_TAXON_CONCEPT_ID_IGNORED
2695263246	4fa7b334-ce0d-4e88-aaae-2e0c138d049e	URN:catalog:CLO:EBIRD:OBS799628911	Animalia	Chordata	Aves	Galliformes	Phasianidae	Francolinus	Francolinus francolinus		SPECIES	Francolinus francolinus (Linnaeus, 1766)	Francolinus francolinus		BD	Kazipara (Tetulia)	Rajshahi bibhag	PRESENT	4	e2e717bf-551a-4917-bdc9-4fa0f342c530	26.48707	88.334236							2010-09-17	17	9	2010	5227919	5227919	HUMAN_OBSERVATION	CLO	EBIRD	OBS799628911				CC_BY_4_0		obsr820065			2024-04-17T09:14:19.132Z		CONTINENT_DERIVED_FROM_COORDINATES;TAXON_MATCH_TAXON_CONCEPT_ID_IGNORED
1785184348	4fa7b334-ce0d-4e88-aaae-2e0c138d049e	URN:catalog:CLO:EBIRD:OBS468735795	Animalia	Chordata	Aves	Galliformes	Phasianidae	Gallus	Gallus gallus		SPECIES	Gallus gallus (Linnaeus, 1758)	Gallus gallus		BD	Lawachara National Park	Sylhet bibhag	PRESENT		e2e717bf-551a-4917-bdc9-4fa0f342c530	24.33826	91.794655							2010-03-20	20	3	2010	9326020	9326020	HUMAN_OBSERVATION	CLO	EBIRD	OBS468735795				CC_BY_4_0		obsr20091			2024-04-17T09:11:10.379Z		CONTINENT_DERIVED_FROM_COORDINATES;TAXON_MATCH_TAXON_CONCEPT_ID_IGNORED
1202754051	4fa7b334-ce0d-4e88-aaae-2e0c138d049e	URN:catalog:CLO:EBIRD:OBS294323384	Animalia	Chordata	Aves	Galliformes	Phasianidae	Gallus	Gallus gallus		SPECIES	Gallus gallus (Linnaeus, 1758)	Gallus gallus		BD	Lawachara NP	Sylhet bibhag	PRESENT		e2e717bf-551a-4917-bdc9-4fa0f342c530	24.341389	91.79768							2010-03-20	20	3	2010	9326020	9326020	HUMAN_OBSERVATION	CLO	EBIRD	OBS294323384				CC_BY_4_0		obsr419927			2024-04-17T09:07:58.941Z		CONTINENT_DERIVED_FROM_COORDINATES;TAXON_MATCH_TAXON_CONCEPT_ID_IGNORED
